Aarhus University,#150 of 14131,#44 of 2785,#2 of 27,Europe,Italy,Veneto,15%,89633,www.au.dk,+45 8942 1111
Arizona State University - Tempe,#61 of 14131,#48 of 2597,#45 of 2496,Europe,Spain,Valencia,,99086,www.asu.edu,8552785080
Auburn University,,,,North America,United States,Wisconsin,57%,36231,auburn.edu,3348444000
Australian National University,#88 of 14131,#5 of 59,#5 of 40,North America,Canada,Ontario,86%,97754,www.anu.edu.au,+61 (0)2 6125 5111
Autonomous University of Barcelona,,,,Europe,Italy,Emilia-Romagna,11%,74922,www.uab.cat,+34 935812222
Baylor College of Medicine,,,,Asia,Japan,Kyoto,55%,82676,bcm.edu,7137984951
Boston College,,,,North America,United States,Pennsylvania,67%,25757,bc.edu,6175528000
Boston University,#49 of 14131,#42 of 2597,#39 of 2496,Europe,Greece,Athens,,107676,bu.edu,6173532000
Brigham Young University - Provo,#193 of 14131,#99 of 2597,#88 of 2496,Europe,United Kingdom,England,58%,36150,www.byu.edu,8014224636
Brown University,#76 of 14131,#55 of 2597,#52 of 2496,North America,United States,Virginia,,80596,www.brown.edu,4018631000
California Institute of Technology,#51 of 14131,#44 of 2597,#41 of 2496,Oceania,Australia,Melbourne,,138415,www.caltech.edu,6263956811
Cardiff University,#195 of 14131,#66 of 2785,#20 of 163,Europe,Sweden,Uppsala,15%,75474,www.cardiff.ac.uk,+44 (29) 2087 4000
Carnegie Mellon University,#43 of 14131,#38 of 2597,#36 of 2496,North America,Canada,Ontario,,92979,www.cmu.edu,4122682000
Case Western Reserve University,#111 of 14131,#68 of 2597,#63 of 2496,Europe,Netherlands,Nijmegen,91%,94862,case.edu,2163682000
Catholic University of Leuven,#77 of 14131,#13 of 2785,#1 of 63,Asia,Japan,Tsukuba,34%,166908,www.kuleuven.be,+32 (16) 324 311
Catholic University of Louvain,,,,North America,United States,Maryland,51%,52453,uclouvain.be,+32 (10) 472 111
Charles University,#172 of 14131,#57 of 2785,#1 of 67,North America,Canada,British Columbia,10%,66210,cuni.cz,+420 224 491 111
Chinese University of Hong Kong,#158 of 14131,#14 of 5830,#6 of 960,Asia,Israel,Jerusalem,65%,83632,www.cuhk.edu.hk,+852 3943 7000
Clemson University,,,,North America,United States,Illinois,25%,37571,clemson.edu,8646564636
Colorado State University - Fort Collins,#142 of 14131,#84 of 2597,#74 of 2496,Asia,South Korea,Seoul,36%,60672,www.colostate.edu,9704911101
Columbia University,#9 of 14131,#8 of 2597,#8 of 2496,Oceania,New Zealand,Dunedin,,205011,www.columbia.edu,2128541754
Complutense University of Madrid,#144 of 14131,#39 of 2785,#2 of 75,Europe,Germany,North Rhine-Westphalia,69%,86698,ucm.es,+34 913944099
Cornell University,#13 of 14131,#11 of 2597,#11 of 2496,North America,United States,New York State,,210564,www.cornell.edu,6072552000
Dalhousie University,,,,North America,United States,Utah,5%,51482,www.dal.ca,+1 (902) 494 2450
Dartmouth College,#125 of 14131,#74 of 2597,#68 of 2496,North America,United States,California,5%,46082,home.dartmouth.edu,6036461110
Delft University of Technology,#140 of 14131,#38 of 2785,#3 of 58,Europe,Netherlands,Groningen,41%,82950,www.tudelft.nl,+31 (15) 27 89111
Dresden University of Technology,,,,Europe,Finland,Helsinki,68%,63645,tu-dresden.de,+49 (351) 4630
Drexel University,,,,Europe,Netherlands,Utrecht,58%,45569,drexel.edu,2158952000
Duke University,#22 of 14131,#18 of 2597,#17 of 2496,Asia,China,Hong Kong,,178305,duke.edu,9196848111
Durham University,#178 of 14131,#58 of 2785,#17 of 163,Asia,Japan,Sendai,15%,78063,www.dur.ac.uk,+44 (191) 334 2000
Emory University,#83 of 14131,#58 of 2597,#54 of 2496,Europe,Netherlands,Wageningen,57%,110482,www.emory.edu,4047276123
Erasmus University Rotterdam,#189 of 14131,#64 of 2785,#7 of 58,North America,United States,Missouri,78%,81477,www.eur.nl,+31 (10) 408 1111
Federal Institute of Technology Lausanne,#120 of 14131,#31 of 2785,#3 of 23,Europe,Germany,Baden-Wurttemberg,5%,87775,www.epfl.ch,+41 (21) 693 1111
Federal University of Minas Gerais,,,,North America,Canada,Ontario,43%,77881,ufmg.br,+55 (31) 3409 5000
Federal University of Rio de Janeiro,,,,Europe,Germany,Baden-Wurttemberg,19%,90932,ufrj.br,+55 (21) 2598 9603
Federal University of Rio Grande do Sul,,,,North America,United States,Indiana,76%,92538,www.ufrgs.br,+55 (51) 3308 3142
Federico II University of Naples,,,,North America,United States,Illinois,8%,60031,www.unina.it,+39 081 547 7200
Florida State University,#135 of 14131,#80 of 2597,#71 of 2496,Europe,France,Ile-de-France,44%,58127,www.fsu.edu,8506442525
Free University Amsterdam,#167 of 14131,#53 of 2785,#6 of 58,North America,Canada,Ontario,71%,68328,vu.nl,+31 (20) 598 5000
Free University of Berlin,#152 of 14131,#46 of 2785,#8 of 369,North America,United States,Indiana,38%,60237,www.fu-berlin.de,+49 (30) 8381
Free University of Brussels,,,,Europe,United Kingdom,England,21%,51928,www.ulb.be,+32 (2) 650 2111
Friedrich Schiller University of Jena,,,,North America,United States,Michigan,26%,41512,www.uni-jena.de,
Fudan University,#164 of 14131,#17 of 5830,#7 of 960,Europe,United Kingdom,England,21%,120614,www.fudan.edu.cn,+86 (21) 6564 2258
George Mason University,,,,North America,United States,Rhode Island,37%,38355,gmu.edu,7039931000
George Washington University,#132 of 14131,#78 of 2597,#70 of 2496,Europe,Russia,Moscow,52%,52663,www.gwu.edu,2029941000
Georgetown University,#136 of 14131,#81 of 2597,#72 of 2496,Europe,Netherlands,Leiden,45%,41162,www.georgetown.edu,2026870100
Georgia Institute of Technology,#67 of 14131,#51 of 2597,#48 of 2496,Europe,Sweden,Stockholm,,107016,www.gatech.edu,4048942000
Georgia State University,,,,North America,United States,Massachusetts,7%,33869,www.gsu.edu,4044132000
Ghent University,#116 of 14131,#30 of 2785,#2 of 63,Europe,Germany,North Rhine-Westphalia,45%,99103,www.ugent.be,+32 (9) 264 3011
Harvard University,#1 of 14131,#1 of 2597,#1 of 2496,North America,United States,Granada,,478072,www.harvard.edu,6174951000
Hebrew University of Jerusalem,#143 of 14131,#13 of 5830,#2 of 36,Asia,China,Hong Kong,20%,87321,null,+972 (2) 588 2111
Heidelberg University - Germany,#74 of 14131,#12 of 2785,#2 of 369,Latin America,Brazil,Rio de Janeiro,,107043,www.uni-heidelberg.de,+49 (6221) 540
Hokkaido University,#196 of 14131,#19 of 5830,#7 of 719,North America,Canada,Quebec State,59%,104130,www.hokudai.ac.jp,+81 (11) 716 2111
Hong Kong Polytechnic University,,,,North America,United States,North Carolina,55%,67052,www.polyu.edu.hk,+852 2766 5111
Huazhong University of Science and Technology,,,,Oceania,Australia,St Lucia,19%,121410,hust.edu.cn,+86 (27) 8754 2157
Humboldt University of Berlin,#153 of 14131,#47 of 2785,#9 of 369,Europe,United Kingdom,England,67%,57371,www.hu-berlin.de,+49 (30) 2093 0
Imperial College London,#45 of 14131,#5 of 2785,#5 of 163,Asia,Israel,Haifa,,186925,www.imperial.ac.uk,+44 (20) 7589 5111
Indiana University - Bloomington,#52 of 14131,#45 of 2597,#42 of 2496,Europe,Germany,Schleswig-Holstein,,138093,null,8128554848
Iowa State University,#89 of 14131,#60 of 2597,#56 of 2496,North America,United States,New York State,34%,97889,www.iastate.edu,5152944111
Johannes Gutenberg University Mainz,,,,Latin America,Mexico,Mexico City,34%,63859,www.uni-mainz.de,+49 (6131) 39-0
Johns Hopkins University,#14 of 14131,#12 of 2597,#12 of 2496,Latin America,Argentina,Buenos Aires,,222807,www.jhu.edu,4105168000
Kansas State University,,,,North America,United States,California,31%,40059,www.k-state.edu,7855326011
Karlsruhe Institute of Technology,#181 of 14131,#60 of 2785,#12 of 369,Europe,Switzerland,Lausanne,84%,73722,www.kit.edu,+49 (721) 608 0
Karolinska Institute,#145 of 14131,#40 of 2785,#3 of 39,North America,United States,Washington,69%,103846,ki.se,+46 (8) 5248 6400
Keio University,#162 of 14131,#16 of 5830,#5 of 719,Europe,United Kingdom,England,96%,65910,keio.ac.jp,+81 (3) 5453 4511
Kiel University,,,,North America,United States,Indiana,70%,50338,www.uni-kiel.de,+49 (431) 880 00
King's College London,#79 of 14131,#14 of 2785,#7 of 163,Europe,Denmark,Kongens Lyngby,82%,105737,www.kcl.ac.uk,+44 (20) 7836 5454
KTH Royal Institute of Technology,,,,North America,United States,Georgia,12%,59116,www.kth.se,+46 (8) 790 6000
Kyoto University,#55 of 14131,#3 of 5830,#2 of 719,North America,United States,Texas,,196412,www.kyoto-u.ac.jp,+81 (75) 753 7531
Kyushu University,#177 of 14131,#18 of 5830,#6 of 719,Europe,Italy,Lombardy,18%,130650,www.kyushu-u.ac.jp,+81 (92) 642 2111
Laval University,,,,Europe,United Kingdom,England,53%,63164,www.ulaval.ca,+1 (418) 656 2131
Leiden University,#165 of 14131,#51 of 2785,#5 of 58,North America,United States,District of Columbia,63%,65006,www.universiteitleiden.nl,+31 (71) 527 8011
London School of Economics and Political Science,#148 of 14131,#43 of 2785,#16 of 163,Europe,Germany,Brandenburg,76%,34969,www.lse.ac.uk,+44 (20) 7405 7686
Louisiana State University and Agricultural & Mechanical College,#160 of 14131,#88 of 2597,#78 of 2496,North America,Canada,Ontario,11%,68688,lsu.edu,2255783202
Lund University,#93 of 14131,#20 of 2785,#1 of 39,Europe,Sweden,Gothenburg,62%,109613,www.lu.se,
Massachusetts Institute of Technology,#4 of 14131,#4 of 2597,#4 of 2496,North America,United States,Georgia,,242073,mit.edu,6172531000
McGill University,#47 of 14131,#41 of 2597,#3 of 101,Latin America,Brazil,Campinas,,144724,www.mcgill.ca,+1 (514) 369 1342
McMaster University,#141 of 14131,#83 of 2597,#10 of 101,North America,United States,Louisiana,10%,89024,mcmaster.ca,+1 (905) 525 9140
Michigan State University,#40 of 14131,#35 of 2597,#33 of 2496,North America,United States,Florida,,121482,msu.edu,5173551855
Monash University,#114 of 14131,#6 of 59,#6 of 40,Europe,United Kingdom,England,65%,90533,www.monash.edu,+61 (0)3 9905 6000
Moscow State University,#169 of 14131,#55 of 2785,#1 of 385,North America,United States,District of Columbia,5%,110735,www.msu.ru,+7 (95) 939 1000
Nagoya University,#198 of 14131,#20 of 5830,#8 of 719,North America,United States,Illinois,9%,115115,www.nagoya-u.ac.jp,+81 (52) 789 2044
Nanjing University,,,,North America,United States,Florida,82%,106518,www.nju.edu.cn,+86 (25) 8359 3186
Nanyang Technological University,,,,Europe,United Kingdom,England,56%,99798,www.ntu.edu.sg,+65 6791 1744
National and Kapodistrian University of Athens,,,,North America,United States,Massachusetts,23%,64302,www.uoa.gr,+30 (210) 368 9771
National Autonomous University of Mexico,#82 of 14131,#2 of 1756,#1 of 538,Europe,Germany,Rhineland-Palatinate,32%,137605,www.unam.mx,+52 (55) 5622 1280
National Taiwan University,#118 of 14131,#9 of 5830,#1 of 144,Oceania,Australia,Adelaide,77%,114772,www.ntu.edu.tw,+886 (2) 2362 6801
National University of Singapore,#85 of 14131,#5 of 5830,#1 of 8,North America,United States,Texas,6%,147686,nus.edu.sg,+65 6516 1081
New York University,#25 of 14131,#21 of 2597,#20 of 2496,Europe,United Kingdom,Scotland,,150565,null,2129981212
Newcastle University,#187 of 14131,#63 of 2785,#19 of 163,Oceania,Australia,Clayton,65%,63050,www.ncl.ac.uk,+44 (191) 208 6000
Normal Superior School,#166 of 14131,#52 of 2785,#1 of 224,North America,United States,Florida,32%,99156,www.ens.psl.eu,+33 (0)1 44 32 30 00
North Carolina State University at Raleigh,#70 of 14131,#53 of 2597,#50 of 2496,Europe,Norway,Bergen,,88759,www.ncsu.edu,9195152011
Northeastern University,,,,North America,United States,Massachusetts,30%,53334,northeastern.edu,6173732000
Northwestern University,#28 of 14131,#24 of 2597,#23 of 2496,North America,United States,South Carolina,,169284,www.northwestern.edu,8474913741
Norwegian University of Science and Technology,,,,North America,United States,California,67%,60015,www.ntnu.no,+47 73 59 50 00
Ohio State University,#24 of 14131,#20 of 2597,#19 of 2496,Asia,China,Jinan,,208615,null,6142926446
Oklahoma State University,,,,North America,United States,California,17%,32350,go.okstate.edu,4057445000
Oregon State University,#121 of 14131,#72 of 2597,#66 of 2496,Europe,United Kingdom,England,1%,55134,oregonstate.edu,5417370123
Osaka University,#96 of 14131,#6 of 5830,#3 of 719,Europe,Germany,Bavaria,84%,168516,www.osaka-u.ac.jp,+81 (66) 877 5111
Peking University,#59 of 14131,#4 of 5830,#2 of 960,Europe,United Kingdom,England,,184856,www.pku.edu.cn,+86 (10) 6275 1246
Pennsylvania State University,#23 of 14131,#19 of 2597,#18 of 2496,Oceania,Australia,Brisbane,,177518,www.psu.edu,+1 (814) 865 4700
Polytechnic University of Milan,,,,North America,United States,North Carolina,37%,50791,www.polimi.it,+39 02 2399 9738/6923
Princeton University,#19 of 14131,#16 of 2597,#15 of 2496,Europe,United Kingdom,England,,135109,princeton.edu,6092583000
Purdue University,#39 of 14131,#34 of 2597,#32 of 2496,Latin America,Brazil,Porto Alegre,,147074,purdue.edu,7654944600
Queen Mary University of London,,,,North America,United States,Virginia,82%,65144,qmul.ac.uk,+44 (20) 7882 5555
Queen's University,,,,North America,United States,Pennsylvania,16%,50624,www.qub.ac.uk,+1 (613) 533 2000
Queen's University Belfast,,,,Asia,Japan,Tokyo,35%,70384,queensu.ca,+44 (28) 9024 5133
Queensland University of Technology,,,,North America,United States,Pennsylvania,68%,49900,qut.edu.au,+61 (0)7 3138 2000
Radboud University,#190 of 14131,#65 of 2785,#8 of 58,North America,United States,Ohio,14%,72493,www.ru.nl,+31 (24) 361 61 61
Rensselaer Polytechnic Institute,,,,North America,United States,New York State,11%,35120,rpi.edu,5182766000
Rice University,#173 of 14131,#91 of 2597,#81 of 2496,Europe,Germany,North Rhine-Westphalia,10%,51655,www.rice.edu,7133480000
RMIT University,,,,North America,United States,California,80%,73582,www.rmit.edu.au,+61 (0)3 9925 2000
Ruhr University Bochum,,,,Europe,Denmark,Copenhagen,48%,64180,www.ruhr-uni-bochum.de,+49 (234) 32 25483
Rutgers University - New Brunswick,#35 of 14131,#31 of 2597,#29 of 2496,Europe,Poland,Warsaw,,143641,newbrunswick.rutgers.edu,8484454636
RWTH Aachen University,#157 of 14131,#49 of 2785,#11 of 369,Europe,Spain,Madrid,42%,85888,rwth-aachen.de,+49 (241) 801
Sapienza University of Rome,#104 of 14131,#25 of 2785,#2 of 88,Europe,Germany,Saxony,42%,138535,www.uniroma1.it,+39 06 4991 0292
Seoul National University,#159 of 14131,#15 of 5830,#1 of 193,Asia,South Korea,Seoul,84%,123239,snu.ac.kr,+82 (2) 880 4447
Shandong University,,,,North America,United States,Ohio,21%,99504,sdu.edu.cn,+86 (531) 883 64853
Shanghai Jiao Tong University,#110 of 14131,#8 of 5830,#4 of 960,North America,United States,South Carolina,72%,183572,www.sjtu.edu.cn,+86 (21) 6293 2414
Simon Fraser University,#129 of 14131,#76 of 2597,#7 of 101,Europe,Czech Republic,Prague,66%,45185,www.sfu.ca,+1 (778) 782 6930
Stanford University,#2 of 14131,#2 of 2597,#2 of 2496,North America,United States,Dublin,,287025,stanford.edu,6507232300
State University of Campinas,,,,North America,Canada,Quebec State,5%,105481,www.unicamp.br,+55 (19) 3521 4718
Stockholm University,,,,Europe,Austria,Vienna,75%,55990,www.su.se,+46 (8) 162 000
Stony Brook University,,,,North America,United States,Iowa State,96%,60687,www.stonybrook.edu,6316326000
Sun Yat - Sen University,,,,Asia,China,Beijing,30%,117251,sysu.edu.cn,+86 (20) 8411 1085
Swiss Federal Institute of Technology Zurich,#62 of 14131,#8 of 2785,#1 of 23,Europe,Italy,Tuscany,,109500,ethz.ch,+41 (44) 632 1111
Technical University of Berlin,,,,Europe,United Kingdom,Scotland,57%,53153,www.tu.berlin,+49 (30) 3140
Technical University of Denmark,,,,Europe,United Kingdom,England,35%,59495,www.dtu.dk,+45 4525 2525
Technical University of Munich,#86 of 14131,#16 of 2785,#3 of 369,North America,United States,California,17%,109945,www.tum.de,+49 (89) 289 01
Technion - Israel Institute of Technology,,,,Europe,United Kingdom,England,18%,68575,www.technion.ac.il,+972 (4) 829 2111
Tel Aviv University,#119 of 14131,#10 of 5830,#1 of 36,North America,United States,New York State,18%,101800,tau.ac.il,+972 (3) 640 8111
Temple University,#163 of 14131,#89 of 2597,#79 of 2496,North America,United States,Tennessee,12%,59274,temple.edu,2152047000
Texas A&M University - College Station,#41 of 14131,#36 of 2597,#34 of 2496,Asia,Japan,Tokyo,,144192,www.tamu.edu,9798453211
Tohoku University,#123 of 14131,#11 of 5830,#4 of 719,Europe,United Kingdom,England,32%,153863,www.tohoku.ac.jp,+81 (22) 217 4844
Tokyo Institute of Technology,,,,North America,United States,Texas,85%,92622,www.titech.ac.jp,+81 (3) 5734 2975
Trinity College Dublin University of Dublin,,,,North America,United States,California,5%,44721,tcd.ie,+353 (1) 677 2941
Tsinghua University,#54 of 14131,#2 of 5830,#1 of 960,Asia,China,Guangzhou,,188228,www.tsinghua.edu.cn,+86 (10) 6278 3769
Tufts University,#94 of 14131,#62 of 2597,#58 of 2496,North America,United States,Massachusetts,64%,58748,www.tufts.edu,6176285000
Tulane University of Louisiana,,,,North America,United States,Missouri,15%,42442,tulane.edu,5048655000
Umea University,,,,Europe,United Kingdom,England,63%,46247,umu.se,+46 (90) 786 5000
University at Buffalo,#182 of 14131,#95 of 2597,#84 of 2496,Asia,Israel,Tel Aviv,8%,54629,buffalo.edu,7166452000
University College Dublin,,,,Oceania,Australia,Melbourne,5%,49569,www.ucd.ie,+353 (1) 716 7777
University College London,#20 of 14131,#3 of 2785,#3 of 163,Europe,Sweden,Umea,,191386,www.ucl.ac.uk,+44 (20) 7679 2000
University of Aberdeen,,,,North America,United States,New York State,32%,44656,www.abdn.ac.uk,+44 (1224) 272 000
University of Adelaide,#183 of 14131,#8 of 59,#7 of 40,Asia,Taiwan,Taipei,77%,68176,www.adelaide.edu.au,+61 (0)8 8303 4455
University of Alabama,,,,Oceania,Australia,Sydney,84%,75882,www.uab.edu,2053486010
University of Alabama at Birmingham,#192 of 14131,#98 of 2597,#87 of 2496,Asia,China,Hangzhou,32%,44011,ua.edu,2059344011
University of Alberta,#78 of 14131,#56 of 2597,#4 of 101,Europe,United Kingdom,England,60%,134970,www.ualberta.ca,+1 (780) 492 3111
University of Amsterdam,#68 of 14131,#9 of 2785,#1 of 58,North America,United States,Texas,,125528,www.uva.nl,+31 (20) 525 9111
University of Arizona,#42 of 14131,#37 of 2597,#35 of 2496,North America,United States,Maryland,,139350,www.arizona.edu,5206212211
University of Auckland,#174 of 14131,#7 of 59,#1 of 8,Asia,China,Hong Kong,80%,67014,www.auckland.ac.nz,+64 (9) 373 7999
University of Barcelona,#107 of 14131,#27 of 2785,#1 of 75,North America,United States,Michigan,20%,99036,www.ub.edu,+34 934021100
University of Basel,,,,North America,United States,California,84%,47910,www.unibas.ch,+41 (61) 267 3111
University of Bergen,,,,North America,United States,North Carolina,8%,46084,uib.no,+47 55 58 00 00
University of Bern,#171 of 14131,#56 of 2785,#5 of 23,Europe,Germany,Lower Saxony,15%,70376,www.unibe.ch,+41 (31) 631 3470
University of Birmingham,#101 of 14131,#24 of 2785,#10 of 163,Asia,Singapore,Singapore City,45%,104483,birmingham.ac.uk,+44 (121) 414 3344
University of Bologna,#98 of 14131,#22 of 2785,#1 of 88,Europe,Spain,Cerdanyola del Valles,25%,102678,www.unibo.it,+39 051 209 9965
University of Bonn,#128 of 14131,#33 of 2785,#4 of 369,North America,United States,Texas,63%,78199,www.uni-bonn.de,+49 (228) 73 0
University of Bristol,#99 of 14131,#23 of 2785,#9 of 163,North America,Canada,Quebec State,71%,104546,bristol.ac.uk,+44 (117) 928 9000
University of British Columbia,#33 of 14131,#29 of 2597,#2 of 101,Europe,Switzerland,Lausanne,,184212,www.ubc.ca,+1 (604) 822 8999
University of Buenos Aires,,,,North America,United States,Maryland,11%,52468,uba.ar,+54 (11) 4510 1100
University of Calgary,#131 of 14131,#77 of 2597,#8 of 101,North America,United States,New Mexico,49%,92888,ucalgary.ca,+1 (403) 210 7625
University of California - Berkeley,#5 of 14131,#5 of 2597,#5 of 2496,North America,United States,Oklahoma State,,241635,www.berkeley.edu,5106426000
University of California - Davis,#34 of 14131,#30 of 2597,#28 of 2496,Europe,Norway,Trondheim,,155482,www.ucdavis.edu,5307521011
University of California - Irvine,#56 of 14131,#46 of 2597,#43 of 2496,Europe,Switzerland,Basel,,101320,uci.edu,9498245011
University of California - Los Angeles,#6 of 14131,#6 of 2597,#6 of 2496,North America,United States,Kentucky,,247701,www.ucla.edu,3108254321
University of California - Riverside,,,,Europe,Germany,Bavaria,55%,48643,ucr.edu,9518271012
University of California - San Francisco,#46 of 14131,#40 of 2597,#38 of 2496,Europe,United Kingdom,England,,160816,www.ucsf.edu,4154769000
University of California - Santa Barbara,#84 of 14131,#59 of 2597,#55 of 2496,North America,United States,Oklahoma State,85%,72006,www.ucsb.edu,8058938000
University of California - Santa Cruz,#176 of 14131,#93 of 2597,#83 of 2496,North America,United States,New Hampshire,49%,40788,www.ucsc.edu,8314590111
University of California-San Diego,#30 of 14131,#26 of 2597,#25 of 2496,North America,Canada,British Columbia,,179956,ucsd.edu,8585342230
University of Cambridge,#7 of 14131,#1 of 2785,#1 of 163,Europe,Belgium,Brussels,,260850,www.cam.ac.uk,+44 (1223) 337 733
University of Cape Town,,,,Oceania,Australia,Sydney,46%,56979,www.uct.ac.za,+27 (21) 650 9111
University of Central Florida,,,,North America,United States,Michigan,63%,44002,www.ucf.edu,4078232000
University of Chicago,#27 of 14131,#23 of 2597,#22 of 2496,Europe,Portugal,Porto,,148394,www.uchicago.edu,7737021234
University of Chile,,,,North America,United States,Colorado,27%,59554,www.uchile.cl,+56 (2) 978 2000
University of Cincinnati,#188 of 14131,#96 of 2597,#85 of 2496,North America,United States,Kansas State,14%,66150,www.uc.edu,5135566000
University of Cologne,#185 of 14131,#61 of 2785,#13 of 369,Europe,Belgium,Ghent,84%,60512,uni-koeln.de,
University of Colorado Boulder,#58 of 14131,#47 of 2597,#44 of 2496,Latin America,Chile,Santiago,,104806,www.colorado.edu,3034921411
University of Connecticut,#122 of 14131,#73 of 2597,#67 of 2496,North America,Canada,Ontario,89%,72332,uconn.edu,8604862000
University of Copenhagen,#73 of 14131,#11 of 2785,#1 of 27,Europe,Germany,North Rhine-Westphalia,,136745,www.ku.dk,+45 3532 2626
University of Delaware,,,,Europe,Norway,Oslo,40%,48999,udel.edu,3028312000
University of East Anglia,,,,North America,United States,Pennsylvania,9%,34363,www.uea.ac.uk,+44 (1603) 456 161
University of Edinburgh,#37 of 14131,#4 of 2785,#4 of 163,North America,United States,Vermont,,142627,www.ed.ac.uk,+44 (131) 650 1000
University of Erlangen Nuremberg,,,,Asia,Japan,Suita,91%,76010,www.fau.de,+49 (9131) 85 24444
University of Exeter,,,,North America,Canada,Alberta,17%,46419,www.exeter.ac.uk,+44 (1392) 661 000
University of Florence,,,,North America,United States,Virginia,7%,70023,www.unifi.it,+39 055 27571
University of Florida,#32 of 14131,#28 of 2597,#27 of 2496,North America,United States,West Virginia,,174050,www.ufl.edu,3523923261
University of Freiburg,#155 of 14131,#48 of 2785,#10 of 369,Europe,Germany,Baden-Wurttemberg,14%,68881,uni-freiburg.de,+49 (761) 203-0
University of Geneva,#168 of 14131,#54 of 2785,#4 of 23,Europe,Germany,Hamburg State,24%,58581,unige.ch,+41 (22) 379 7111
University of Georgia,#80 of 14131,#57 of 2597,#53 of 2496,Europe,Belgium,Liege,67%,81584,www.uga.edu,7065423000
University of Glasgow,#91 of 14131,#18 of 2785,#8 of 163,Europe,Germany,Brandenburg,71%,90413,www.gla.ac.uk,+44 (141) 330 2000
University of Gothenburg,,,,Europe,Sweden,Lund,75%,57498,gu.se,+46 (31) 786 1000
University of Gottingen,#130 of 14131,#34 of 2785,#5 of 369,Europe,Switzerland,Bern,27%,77583,uni-goettingen.de,+49 (551) 390
University of Granada,,,,North America,United States,Massachusetts,5%,54962,www.ugr.es,+34 958 243 000
University of Groningen,#161 of 14131,#50 of 2785,#4 of 58,Europe,Netherlands,Delft,35%,61271,www.rug.nl,+31 (50) 363 5420
University of Hamburg,#133 of 14131,#35 of 2785,#6 of 369,Europe,Switzerland,Geneva,24%,80199,www.uni-hamburg.de,+49 (40) 42838-0
University of Helsinki,#87 of 14131,#17 of 2785,#1 of 36,Europe,Germany,Saxony,35%,100167,www.helsinki.fi,+358 (9) 1911
University of Hong Kong,#127 of 14131,#12 of 5830,#5 of 960,Oceania,New Zealand,Auckland,83%,88028,hku.hk,+852 2859 2111
University of Houston,,,,Asia,Singapore,Singapore City,41%,48378,uh.edu,7137431000
University of Illinois at Chicago,#103 of 14131,#66 of 2597,#62 of 2496,Asia,Japan,Nagoya,70%,96408,www.uic.edu,3129967000
University of Illinois at Urbana - Champaign,#21 of 14131,#17 of 2597,#16 of 2496,Europe,Italy,Campania,,202516,illinois.edu,2173331000
University of Iowa,#69 of 14131,#52 of 2597,#49 of 2496,Europe,United Kingdom,England,,96816,uiowa.edu,3193353500
University of Kansas,#113 of 14131,#70 of 2597,#65 of 2496,North America,United States,Ohio,25%,71719,ku.edu,7858642700
University of Kentucky,#102 of 14131,#65 of 2597,#61 of 2496,Europe,United Kingdom,England,5%,80936,uky.edu,8592579000
University of Lausanne,,,,North America,Canada,British Columbia,46%,41658,unil.ch,+41 (21) 692 1111
University of Leeds,#108 of 14131,#28 of 2785,#11 of 163,North America,United States,Utah,3%,92009,leeds.ac.uk,+44 (113) 243 1751
University of Leicester,,,,Asia,China,Beijing,79%,56904,le.ac.uk,+44 (116) 252 2522
University of Leipzig,#197 of 14131,#67 of 2785,#15 of 369,Europe,Italy,Lazio,78%,52599,www.uni-leipzig.de,+49 (341) 97 108
University of Liege,,,,North America,United States,Georgia,88%,140300,uliege.be,+32 (4) 366 9666
University of Liverpool,#180 of 14131,#59 of 2785,#18 of 163,North America,United States,Oregon,9%,84784,www.liverpool.ac.uk,+44 (151) 794 2000
University of London,,,,North America,United States,Iowa State,17%,80122,london.ac.uk,+44 (20) 7862 8000
University of Louisville,,,,North America,United States,California,14%,43893,louisville.edu,5028525555
University of Manchester,#60 of 14131,#7 of 2785,#6 of 163,North America,United States,Virginia,,151596,manchester.ac.uk,+44 (161) 306 6000
University of Manitoba,,,,Europe,Germany,Bavaria,88%,57289,umanitoba.ca,+1 (204) 474 8880
University of Maryland - College Park,#36 of 14131,#32 of 2597,#30 of 2496,Europe,Belgium,Louvain-la-Neuve,,140073,umd.edu,3014051000
University of Maryland Baltimore,,,,North America,United States,Arizona,17%,56037,www.umaryland.edu,4107063100
University of Massachusetts - Amherst,#90 of 14131,#61 of 2597,#57 of 2496,Asia,China,Wuhan,2%,74126,umass.edu,4135450111
University of Melbourne,#53 of 14131,#1 of 59,#1 of 40,Europe,Ireland,Dublin,,155134,www.unimelb.edu.au,+61 (0)3 8344 4000
University of Miami,#100 of 14131,#64 of 2597,#60 of 2496,Asia,China,Nanjing,26%,88306,welcome.miami.edu,3052842211
University of Michigan - Ann Arbor,#3 of 14131,#3 of 2597,#3 of 2496,Europe,Germany,Thuringia,,305066,umich.edu,7347641817
University of Milan,#124 of 14131,#32 of 2785,#3 of 88,Asia,Japan,Fukuoka,45%,124921,www.unimi.it,+39 02 503 111
University of Minnesota - Twin Cities,#17 of 14131,#15 of 2597,#14 of 2496,Asia,Japan,Tokyo,,227099,twin-cities.umn.edu,6126255000
University of Missouri - Columbia,#112 of 14131,#69 of 2597,#64 of 2496,Europe,Netherlands,Rotterdam,55%,73560,missouri.edu,5738822121
University of Montreal,#105 of 14131,#67 of 2597,#5 of 101,Asia,Japan,Sapporo,11%,90860,www.umontreal.ca,+1 (514) 343 6111
University of Munich,#57 of 14131,#6 of 2785,#1 of 369,North America,Canada,Manitoba,,145451,www.lmu.de,+49 (89) 21800
University of Munster,#186 of 14131,#62 of 2785,#14 of 369,Europe,United Kingdom,England,59%,62717,www.uni-muenster.de,+49 (251) 83 0
University of Nebraska - Lincoln,#126 of 14131,#75 of 2597,#69 of 2496,North America,United States,Oregon,35%,54930,www.unl.edu,4024727211
University of New Mexico,#170 of 14131,#90 of 2597,#80 of 2496,North America,Canada,Alberta,73%,57197,www.unm.edu,5052770111
University of New South Wales,#64 of 14131,#2 of 59,#2 of 40,North America,United States,Alabama,,135814,www.unsw.edu.au,+61 (0)2 9385 1000
University of North Carolina at Chapel Hill,#29 of 14131,#25 of 2597,#24 of 2496,Europe,Italy,Lombardy,,164047,www.unc.edu,9199622211
University of Notre Dame,#149 of 14131,#85 of 2597,#75 of 2496,Europe,Germany,Brandenburg,87%,52681,www.nd.edu,5746315000
University of Nottingham,#115 of 14131,#29 of 2785,#12 of 163,Europe,Germany,North Rhine-Westphalia,80%,107846,nottingham.ac.uk,+44 (115) 951 5151
University of Oklahoma - Norman,,,,North America,United States,California,66%,48417,null,4053250311
University of Oregon,#175 of 14131,#92 of 2597,#82 of 2496,North America,United States,Nebraska,33%,36822,www.uoregon.edu,5413461000
University of Oslo,#97 of 14131,#21 of 2785,#1 of 29,North America,United States,Delaware,39%,85049,www.uio.no,+47 22 85 50 50
University of Otago,,,,North America,United States,New York State,7%,47309,www.otago.ac.nz,+64 (3) 479 1100
University of Ottawa,#179 of 14131,#94 of 2597,#11 of 101,North America,United States,Connecticut,19%,78874,www.uottawa.ca,+1 (613) 562 5800
University of Oxford,#10 of 14131,#2 of 2785,#2 of 163,North America,United States,North Carolina,,241392,www.ox.ac.uk,
University of Padua,#151 of 14131,#45 of 2785,#4 of 88,Europe,Denmark,Aarhus,20%,100320,www.unipd.it,+39 049 827 3131
University of Pennsylvania,#12 of 14131,#10 of 2597,#10 of 2496,Europe,United Kingdom,England,,232058,www.upenn.edu,2158985000
University of Pisa,,,,Europe,Switzerland,Zurich,21%,63169,unipi.it,+39 050 221 2111
University of Pittsburgh,#38 of 14131,#33 of 2597,#31 of 2496,North America,United States,Massachusetts,,176141,www.pitt.edu,4126244141
University of Porto,,,,North America,United States,Illinois,9%,57373,up.pt,+351 (22) 040 8000
University of Queensland,#75 of 14131,#4 of 59,#4 of 40,Asia,China,Wuhan,,134759,uq.edu.au,+61 (0)7 3365 1111
University of Reading,,,,North America,United States,New Jersey,6%,42254,www.reading.ac.uk,+44 (118) 987 5123
University of Rochester,#66 of 14131,#50 of 2597,#47 of 2496,Europe,Italy,Piedmont,,100238,rochester.edu,5852753221
University of Sao Paulo,#48 of 14131,#1 of 1756,#1 of 198,Europe,United Kingdom,Scotland,,261797,null,+55 (11) 3091 3500
University of Science and Technology of China,,,,Europe,Switzerland,Zurich,65%,91913,ustc.edu.cn,+86 (551) 360 2847
University of Sheffield,#137 of 14131,#36 of 2785,#13 of 163,Asia,China,Shanghai,66%,91975,www.sheffield.ac.uk,+44 (114) 222 2000
University of South Carolina - Columbia,#191 of 14131,#97 of 2597,#86 of 2496,Asia,China,Shanghai,17%,53491,sc.edu,8037777000
University of South Florida,#154 of 14131,#86 of 2597,#76 of 2496,Europe,United Kingdom,England,25%,64274,usf.edu,8139742011
University of Southampton,#147 of 14131,#42 of 2785,#15 of 163,North America,United States,Florida,68%,90361,www.southampton.ac.uk,+44 (23) 8059 5000
University of Southern California,#31 of 14131,#27 of 2597,#26 of 2496,North America,United States,Kansas State,,150632,usc.edu,2137402311
University of St Andrews,,,,Latin America,Brazil,Sao Paulo,20%,41331,www.st-andrews.ac.uk,+44 (1334) 46 2150
University of Stuttgart,,,,North America,United States,Texas,7%,50562,uni-stuttgart.de,+49 (711) 685 10
University of Sussex,,,,North America,United States,California,47%,40752,www.sussex.ac.uk,+44 (1273) 606 755
University of Sydney,#65 of 14131,#3 of 59,#3 of 40,Africa,South Africa,Cape Town,,166488,www.sydney.edu.au,+61 (0)2 9351 2222
University of Tennessee - Knoxville,#138 of 14131,#82 of 2597,#73 of 2496,North America,United States,Pennsylvania,75%,76418,utk.edu,8659741000
University of Texas at Austin,#26 of 14131,#22 of 2597,#21 of 2496,Europe,Germany,Baden-Wurttemberg,,185242,www.utexas.edu,5124713434
University of Texas MD Anderson Cancer Center,,,,Europe,Netherlands,Amsterdam,37%,86041,www.mdanderson.org,8003921611
University of Tokyo,#18 of 14131,#1 of 5830,#1 of 719,Europe,United Kingdom,Northern Ireland,,309445,www.u-tokyo.ac.jp,+81 (3) 3812 2111
University of Toronto,#16 of 14131,#14 of 2597,#1 of 101,Latin America,Brazil,Belo Horizonte,,261987,www.utoronto.ca,+1 (416) 978 2011
University of Tsukuba,,,,Europe,Belgium,Leuven,8%,72120,www.tsukuba.ac.jp,+81 (29) 853 2111
University of Tubingen,#146 of 14131,#41 of 2785,#7 of 369,Europe,Germany,Baden-Wurttemberg,81%,75185,uni-tuebingen.de,+49 (7071) 29 0
University of Turin,,,,North America,United States,New York State,4%,69511,www.unito.it,+39 011 670 6111
University of Utah,#63 of 14131,#49 of 2597,#46 of 2496,North America,Canada,Nova Scotia,,110449,www.utah.edu,8015817200
University of Valencia,,,,North America,United States,Arizona,35%,61369,www.uv.es,+34 963864101
University of Vermont,,,,Europe,United Kingdom,Scotland,64%,33432,uvm.edu,8026563131
University of Victoria,,,,North America,United States,California,16%,37240,uvic.ca,+1 (250) 721 7211
University of Vienna,#92 of 14131,#19 of 2785,#1 of 71,Europe,Sweden,Stockholm,59%,87773,univie.ac.at,+43 (1) 4277 0
University of Virginia,#50 of 14131,#43 of 2597,#40 of 2496,Europe,Italy,Tuscany,,103343,www.virginia.edu,4349240311
University of Warsaw,,,,North America,United States,New Jersey,51%,54854,www.uw.edu.pl,+48 (22) 552 0000
University of Warwick,#139 of 14131,#37 of 2785,#14 of 163,Asia,Japan,Tokyo,85%,70799,warwick.ac.uk,+44 (24) 7652 3706
University of Washington - Seattle,#8 of 14131,#7 of 2597,#7 of 2496,Asia,South Korea,Seoul,,270033,washington.edu,2065432100
University of Waterloo,#117 of 14131,#71 of 2597,#6 of 101,Oceania,Australia,Crawley,29%,81979,uwaterloo.ca,+1 (519) 888 4567
University of Western Australia,#184 of 14131,#9 of 59,#8 of 40,North America,Canada,Ontario,25%,76861,uwa.edu.au,+61 (0)8 6488 6000
University of Wisconsin - Madison,#15 of 14131,#13 of 2597,#13 of 2496,North America,United States,Alabama,,209504,www.wisc.edu,6082632400
University of Wurzburg,,,,North America,United States,Tennessee,13%,54472,uni-wuerzburg.de,+49 (931) 310
University of York,#199 of 14131,#68 of 2785,#21 of 163,North America,United States,Kentucky,41%,51711,york.ac.uk,+44 (1904) 430 000
University of Zurich,#81 of 14131,#15 of 2785,#2 of 23,Asia,China,Hefei,65%,110940,uzh.ch,+41 (44) 634 1111
Uppsala University,#106 of 14131,#26 of 2785,#2 of 39,Europe,United Kingdom,Wales,5%,93456,uu.se,+46 (18) 471 0000
Utrecht University,#71 of 14131,#10 of 2785,#2 of 58,North America,United States,Pennsylvania,,123328,www.uu.nl,+31 (30) 253 7000
Vanderbilt University,#72 of 14131,#54 of 2597,#51 of 2496,Europe,Germany,Bavaria,,95375,vanderbilt.edu,6153227311
Virginia Commonwealth University,,,,Europe,United Kingdom,England,30%,44300,vcu.edu,8048280100
Virginia Polytechnic Institute and State University,#95 of 14131,#63 of 2597,#59 of 2496,Europe,United Kingdom,England,94%,82976,vt.edu,5402316994
Wageningen University,,,,North America,United States,Georgia,16%,47281,www.wur.nl,+31 (317) 484 848
Wake Forest University,,,,Europe,United Kingdom,England,18%,43001,www.wfu.edu,3367585000
Waseda University,,,,North America,United States,Minnesota,70%,44145,www.waseda.jp,+81 (3) 3203 4141
Washington State University,#156 of 14131,#87 of 2597,#77 of 2496,Europe,Sweden,Stockholm,41%,49351,wsu.edu,5093353564
Washington University in St Louis,#44 of 14131,#39 of 2597,#37 of 2496,North America,United States,Louisiana,,147171,wustl.edu,3149355000
Wayne State University,#194 of 14131,#100 of 2597,#89 of 2496,Europe,Spain,Barcelona,43%,72575,wayne.edu,3135772424
West Virginia University,,,,North America,United States,Florida,53%,42794,www.wvu.edu,3042930111
Western University,#134 of 14131,#79 of 2597,#9 of 101,Europe,Netherlands,Amsterdam,20%,87102,uwo.ca,+1 (519) 661 2111
Wuhan University,,,,North America,United States,Massachusetts,73%,97744,whu.edu.cn,+86 (27) 6875 3912
Xi'an Jiaotong University,,,,North America,United States,Connecticut,7%,96097,www.xjtu.edu.cn,+86 (29) 266 8830
Yale University,#11 of 14131,#9 of 2597,#9 of 2496,Asia,China,Xi'an,,198095,www.yale.edu,2034324771
Yonsei University,,,,North America,United States,Washington,56%,95497,www.yonsei.ac.kr,+82 (2) 2123 2114
York University,,,,Oceania,Australia,Canberra,33%,41257,yorku.ca,+1 (416) 736 5002
Zhejiang University,#109 of 14131,#7 of 5830,#3 of 960,North America,United States,Alabama,52%,176136,www.zju.edu.cn,+86 (571) 8795 1020